student_id,school_id,school_name,classroom_id,grade_level,gender,baseline_reading_score,attendance_rate
1001,1,School_01,01C1,4,F,22.76,0.65
1002,1,School_01,01C1,4,M,51.38,0.76
1003,1,School_01,01C1,4,M,76.58,0.61
1004,1,School_01,01C1,4,F,60.35,0.85
1005,1,School_01,01C1,4,F,33.38,0.66
1006,1,School_01,01C1,4,F,34.5,0.81
1007,1,School_01,01C1,4,M,10.5,0.81
1008,1,School_01,01C1,4,F,33.75,0.62
1009,1,School_01,01C1,4,F,30.93,0.87
1010,1,School_01,01C1,4,M,2.21,0.73
1011,1,School_01,01C1,4,F,34.11,0.81
1012,1,School_01,01C1,4,M,47.22,0.76
1013,1,School_01,01C1,4,F,32.99,0.63
1014,1,School_01,01C1,4,F,63.95,0.68
1015,1,School_01,01C1,4,F,44.73,0.61
1016,1,School_01,01C1,4,F,23.85,0.74
1017,1,School_01,01C1,4,F,19.7,0.78
1018,1,School_01,01C1,4,F,66.84,0.8
1019,1,School_01,01C1,4,M,59.77,0.63
1020,1,School_01,01C1,4,M,48.43,0.78
1021,1,School_01,01C1,4,F,24.82,0.69
1022,1,School_01,01C2,4,M,13.33,0.7
1023,1,School_01,01C2,4,M,31.46,0.6
1024,1,School_01,01C2,4,M,57.23,0.67
1025,1,School_01,01C2,4,F,62.89,0.63
1026,1,School_01,01C2,4,M,60.1,0.83
1027,1,School_01,01C2,4,F,51.63,0.72
1028,1,School_01,01C2,4,F,64.51,0.73
1029,1,School_01,01C2,4,F,68.59,0.82
1030,1,School_01,01C2,4,M,27.04,0.8
1031,1,School_01,01C2,4,M,52.23,0.87
1032,1,School_01,01C2,4,F,32.1,0.68
1033,1,School_01,01C2,4,F,100.0,0.75
1034,1,School_01,01C2,4,F,26.59,0.75
1035,1,School_01,01C2,4,M,46.74,0.71
1036,1,School_01,01C2,4,F,39.02,0.84
1037,1,School_01,01C2,4,M,34.31,0.86
1038,1,School_01,01C2,4,F,15.1,0.93
1039,1,School_01,01C2,4,M,28.83,0.93
1040,1,School_01,01C2,4,M,34.96,0.7
1041,1,School_01,01C2,4,M,50.14,0.67
1042,1,School_01,01C2,4,F,51.29,0.91
1043,1,School_01,01C2,4,F,30.96,0.68
1044,1,School_01,01C2,4,F,38.45,0.6
1045,1,School_01,01C2,4,M,0.0,0.68
1046,1,School_01,01C2,4,M,51.91,0.69
1047,1,School_01,01C2,4,F,41.77,0.78
1048,1,School_01,01C2,4,M,53.08,0.74
1049,1,School_01,01C3,4,F,6.62,0.7
1050,1,School_01,01C3,4,M,44.47,0.69
1051,1,School_01,01C3,4,F,31.82,0.7
1052,1,School_01,01C3,4,M,45.08,0.82
1053,1,School_01,01C3,4,F,44.31,0.94
1054,1,School_01,01C3,4,F,21.63,0.81
1055,1,School_01,01C3,4,M,29.49,0.85
1056,1,School_01,01C3,4,F,60.46,0.76
1057,1,School_01,01C3,4,F,56.74,0.63
1058,1,School_01,01C3,4,M,88.81,0.65
1059,1,School_01,01C3,4,M,79.13,0.61
1060,1,School_01,01C3,4,M,62.47,0.88
1061,1,School_01,01C3,4,F,23.75,0.84
1062,1,School_01,01C3,4,F,54.47,0.78
1063,1,School_01,01C3,4,F,37.23,0.64
1064,1,School_01,01C3,4,M,27.29,0.79
1065,1,School_01,01C3,4,F,61.27,0.89
1066,1,School_01,01C3,4,M,20.38,0.78
1067,1,School_01,01C3,4,M,38.51,0.91
1068,1,School_01,01C3,4,M,40.88,0.91
1069,1,School_01,01C3,4,M,20.26,0.85
1070,1,School_01,01C3,4,M,18.59,0.9
1071,1,School_01,01C3,4,F,57.35,0.63
1072,1,School_01,01C3,4,F,69.34,0.87
1073,1,School_01,01C3,4,F,50.86,0.6
1074,1,School_01,01C3,4,F,30.71,0.71
1075,1,School_01,01C3,4,F,65.99,0.68
1076,1,School_01,01C3,4,M,71.5,0.61
1077,1,School_01,01C3,4,F,68.17,0.83
1078,1,School_01,01C3,4,M,28.59,0.85
1079,1,School_01,01C3,4,F,27.65,0.73
1080,1,School_01,01C4,4,F,47.92,0.94
1081,1,School_01,01C4,4,M,63.21,0.75
1082,1,School_01,01C4,4,M,44.41,0.78
1083,1,School_01,01C4,4,F,62.0,0.68
1084,1,School_01,01C4,4,F,52.89,0.7
1085,1,School_01,01C4,4,M,44.77,0.7
1086,1,School_01,01C4,4,F,48.81,0.73
1087,1,School_01,01C4,4,M,42.45,0.79
1088,1,School_01,01C4,4,M,51.83,0.94
1089,1,School_01,01C4,4,M,40.65,0.67
1090,1,School_01,01C4,4,M,35.49,0.71
1091,1,School_01,01C4,4,F,18.17,0.9
1092,1,School_01,01C4,4,M,12.57,0.8
1093,1,School_01,01C4,4,F,57.7,0.73
1094,1,School_01,01C4,4,M,23.4,0.78
1095,1,School_01,01C4,4,F,62.66,0.65
1096,1,School_01,01C4,4,F,36.01,0.73
1097,1,School_01,01C4,4,M,31.66,0.69
1098,1,School_01,01C4,4,F,11.16,0.92
1099,1,School_01,01C4,4,F,33.88,0.91
1100,1,School_01,01C4,4,M,42.45,0.73
1101,1,School_01,01C4,4,F,82.79,0.71
1102,1,School_01,01C4,4,F,31.48,0.79
1103,1,School_01,01C4,4,M,48.0,0.69
1104,1,School_01,01C4,4,F,47.82,0.89
1105,1,School_01,01C4,4,F,5.17,0.89
1106,1,School_01,01C4,4,F,53.52,0.68
1107,1,School_01,01C4,4,M,69.21,0.67
1108,1,School_01,01C5,4,M,41.98,0.82
1109,1,School_01,01C5,4,F,18.84,0.86
1110,1,School_01,01C5,4,F,5.19,0.61
1111,1,School_01,01C5,4,M,42.29,0.84
1112,1,School_01,01C5,4,M,29.13,0.66
1113,1,School_01,01C5,4,M,14.02,0.63
1114,1,School_01,01C5,4,M,38.14,0.83
1115,1,School_01,01C5,4,M,50.42,0.83
1116,1,School_01,01C5,4,M,89.9,0.81
1117,1,School_01,01C5,4,M,46.73,0.66
1118,1,School_01,01C5,4,F,33.14,0.61
1119,1,School_01,01C5,4,F,58.98,0.72
1120,1,School_01,01C5,4,F,57.0,0.75
1121,1,School_01,01C5,4,M,38.51,0.61
1122,1,School_01,01C5,4,M,55.49,0.78
1123,1,School_01,01C5,4,M,83.67,0.82
1124,1,School_01,01C5,4,F,53.28,0.82
1125,1,School_01,01C5,4,M,51.88,0.88
1126,1,School_01,01C5,4,F,63.52,0.74
1127,1,School_01,01C5,4,F,49.54,0.89
1128,1,School_01,01C5,4,F,39.58,0.74
1129,1,School_01,01C5,4,M,22.1,0.7
1130,1,School_01,01C5,4,F,56.83,0.64
1131,1,School_01,01C5,4,F,47.21,0.72
1132,1,School_01,01C5,4,F,36.4,0.71
1133,1,School_01,01C5,4,F,22.5,0.69
1134,1,School_01,01C5,4,M,70.64,0.64
1135,1,School_01,01C5,4,M,55.59,0.61
1136,1,School_01,01C5,4,M,41.32,0.88
1137,2,School_02,02C1,4,F,78.57,0.8
1138,2,School_02,02C1,4,M,7.51,0.74
1139,2,School_02,02C1,4,F,54.84,0.9
1140,2,School_02,02C1,4,F,14.45,0.9
1141,2,School_02,02C1,4,M,67.89,0.68
1142,2,School_02,02C1,4,F,62.16,0.92
1143,2,School_02,02C1,4,F,0.0,0.7
1144,2,School_02,02C1,4,M,43.47,0.74
1145,2,School_02,02C1,4,F,52.84,0.84
1146,2,School_02,02C1,4,F,42.51,0.8
1147,2,School_02,02C1,4,M,67.47,0.67
1148,2,School_02,02C1,4,M,87.86,0.88
1149,2,School_02,02C1,4,M,81.27,0.94
1150,2,School_02,02C1,4,M,53.09,0.87
1151,2,School_02,02C1,4,F,46.11,0.75
1152,2,School_02,02C1,4,F,46.2,0.63
1153,2,School_02,02C1,4,F,13.37,0.8
1154,2,School_02,02C1,4,M,46.58,0.73
1155,2,School_02,02C2,4,M,31.72,0.63
1156,2,School_02,02C2,4,M,72.2,0.73
1157,2,School_02,02C2,4,M,62.15,0.64
1158,2,School_02,02C2,4,M,41.8,0.69
1159,2,School_02,02C2,4,F,31.35,0.64
1160,2,School_02,02C2,4,M,44.04,0.89
1161,2,School_02,02C2,4,M,55.39,0.94
1162,2,School_02,02C2,4,M,75.65,0.77
1163,2,School_02,02C2,4,M,38.14,0.94
1164,2,School_02,02C2,4,F,54.15,0.94
1165,2,School_02,02C2,4,M,49.48,0.63
1166,2,School_02,02C2,4,M,45.25,0.84
1167,2,School_02,02C2,4,M,90.52,0.84
1168,2,School_02,02C2,4,M,53.12,0.95
1169,2,School_02,02C2,4,F,62.45,0.62
1170,2,School_02,02C2,4,F,48.67,0.94
1171,2,School_02,02C2,4,F,42.78,0.82
1172,2,School_02,02C2,4,F,64.53,0.66
1173,2,School_02,02C2,4,F,2.52,0.8
1174,2,School_02,02C2,4,F,34.48,0.73
1175,2,School_02,02C2,4,F,6.75,0.88
1176,2,School_02,02C2,4,F,52.25,0.69
1177,2,School_02,02C2,4,M,18.6,0.93
1178,2,School_02,02C2,4,F,81.63,0.79
1179,2,School_02,02C2,4,M,43.53,0.88
1180,2,School_02,02C2,4,F,39.36,0.94
1181,2,School_02,02C2,4,M,10.74,0.94
1182,2,School_02,02C2,4,M,72.08,0.8
1183,2,School_02,02C2,4,M,0.0,0.7
1184,2,School_02,02C2,4,F,26.97,0.63
1185,2,School_02,02C2,4,F,45.1,0.87
1186,2,School_02,02C2,4,M,45.94,0.86
1187,2,School_02,02C2,4,M,38.74,0.65
1188,2,School_02,02C2,4,M,13.02,0.7
1189,2,School_02,02C3,4,F,51.72,0.62
1190,2,School_02,02C3,4,M,54.89,0.64
1191,2,School_02,02C3,4,F,0.0,0.89
1192,2,School_02,02C3,4,F,39.63,0.9
1193,2,School_02,02C3,4,F,53.27,0.77
1194,2,School_02,02C3,4,M,71.84,0.86
1195,2,School_02,02C3,4,M,67.99,0.92
1196,2,School_02,02C3,4,F,55.5,0.61
1197,2,School_02,02C3,4,F,77.21,0.79
1198,2,School_02,02C3,4,M,70.48,0.92
1199,2,School_02,02C3,4,F,4.42,0.92
1200,2,School_02,02C3,4,F,84.23,0.82
1201,2,School_02,02C3,4,M,64.37,0.76
1202,2,School_02,02C3,4,M,57.91,0.77
1203,2,School_02,02C3,4,F,14.54,0.67
1204,2,School_02,02C3,4,M,69.12,0.68
1205,2,School_02,02C3,4,M,1.5,0.8
1206,2,School_02,02C3,4,M,85.64,0.65
1207,2,School_02,02C4,4,F,34.72,0.91
1208,2,School_02,02C4,4,M,23.82,0.78
1209,2,School_02,02C4,4,F,36.07,0.61
1210,2,School_02,02C4,4,M,35.49,0.72
1211,2,School_02,02C4,4,F,42.86,0.67
1212,2,School_02,02C4,4,F,24.3,0.65
1213,2,School_02,02C4,4,F,42.96,0.88
1214,2,School_02,02C4,4,M,45.84,0.84
1215,2,School_02,02C4,4,F,42.75,0.88
1216,2,School_02,02C4,4,M,40.58,0.81
1217,2,School_02,02C4,4,F,34.05,0.77
1218,2,School_02,02C4,4,F,20.44,0.87
1219,2,School_02,02C4,4,F,77.9,0.61
1220,2,School_02,02C4,4,F,40.02,0.65
1221,2,School_02,02C4,4,M,45.57,0.79
1222,2,School_02,02C4,4,M,64.37,0.9
1223,2,School_02,02C4,4,F,12.87,0.69
1224,2,School_02,02C4,4,M,49.07,0.66
1225,2,School_02,02C4,4,M,23.77,0.71
1226,2,School_02,02C4,4,F,31.91,0.68
1227,2,School_02,02C4,4,M,78.74,0.88
1228,2,School_02,02C4,4,M,62.63,0.77
1229,2,School_02,02C5,4,M,53.03,0.81
1230,2,School_02,02C5,4,F,77.94,0.64
1231,2,School_02,02C5,4,M,59.23,0.81
1232,2,School_02,02C5,4,M,39.21,0.72
1233,2,School_02,02C5,4,M,54.93,0.6
1234,2,School_02,02C5,4,M,41.11,0.65
1235,2,School_02,02C5,4,M,68.78,0.63
1236,2,School_02,02C5,4,F,44.17,0.66
1237,2,School_02,02C5,4,M,60.95,0.6
1238,2,School_02,02C5,4,F,47.9,0.69
1239,2,School_02,02C5,4,F,61.32,0.85
1240,2,School_02,02C5,4,M,56.34,0.8
1241,2,School_02,02C5,4,M,36.38,0.94
1242,2,School_02,02C5,4,F,54.89,0.75
1243,2,School_02,02C5,4,M,49.32,0.85
1244,2,School_02,02C5,4,F,79.18,0.7
1245,2,School_02,02C5,4,M,60.29,0.71
1246,2,School_02,02C5,4,M,45.22,0.62
1247,3,School_03,03C1,4,F,32.96,0.84
1248,3,School_03,03C1,4,M,60.21,0.64
1249,3,School_03,03C1,4,M,0.0,0.72
1250,3,School_03,03C1,4,M,29.06,0.9
1251,3,School_03,03C1,4,F,48.39,0.66
1252,3,School_03,03C1,4,M,46.79,0.92
1253,3,School_03,03C1,4,F,68.36,0.65
1254,3,School_03,03C1,4,M,50.09,0.86
1255,3,School_03,03C1,4,F,38.63,0.89
1256,3,School_03,03C1,4,M,38.62,0.82
1257,3,School_03,03C1,4,F,62.42,0.74
1258,3,School_03,03C1,4,F,38.48,0.76
1259,3,School_03,03C1,4,F,31.47,0.71
1260,3,School_03,03C1,4,M,0.39,0.75
1261,3,School_03,03C1,4,M,51.54,0.73
1262,3,School_03,03C1,4,F,40.62,0.62
1263,3,School_03,03C1,4,F,27.3,0.93
1264,3,School_03,03C1,4,M,50.74,0.86
1265,3,School_03,03C1,4,F,51.77,0.82
1266,3,School_03,03C1,4,F,36.69,0.86
1267,3,School_03,03C1,4,M,35.25,0.71
1268,3,School_03,03C1,4,M,53.08,0.87
1269,3,School_03,03C1,4,M,46.43,0.87
1270,3,School_03,03C1,4,M,35.45,0.86
1271,3,School_03,03C1,4,F,70.74,0.65
1272,3,School_03,03C1,4,M,36.11,0.74
1273,3,School_03,03C1,4,M,62.39,0.84
1274,3,School_03,03C1,4,F,72.11,0.85
1275,3,School_03,03C1,4,M,23.83,0.92
1276,3,School_03,03C1,4,F,34.74,0.68
1277,3,School_03,03C1,4,M,58.09,0.65
1278,3,School_03,03C1,4,M,43.89,0.65
1279,3,School_03,03C2,4,M,62.36,0.81
1280,3,School_03,03C2,4,F,26.27,0.8
1281,3,School_03,03C2,4,F,69.1,0.73
1282,3,School_03,03C2,4,M,58.45,0.75
1283,3,School_03,03C2,4,M,32.45,0.67
1284,3,School_03,03C2,4,M,35.09,0.92
1285,3,School_03,03C2,4,M,23.91,0.81
1286,3,School_03,03C2,4,M,30.41,0.62
1287,3,School_03,03C2,4,M,57.32,0.81
1288,3,School_03,03C2,4,M,32.39,0.74
1289,3,School_03,03C2,4,M,13.89,0.92
1290,3,School_03,03C2,4,F,0.0,0.68
1291,3,School_03,03C2,4,F,41.18,0.8
1292,3,School_03,03C2,4,F,51.26,0.75
1293,3,School_03,03C2,4,F,65.78,0.7
1294,3,School_03,03C2,4,F,31.04,0.6
1295,3,School_03,03C2,4,M,53.91,0.76
1296,3,School_03,03C2,4,F,45.28,0.75
1297,3,School_03,03C2,4,F,18.21,0.7
1298,3,School_03,03C2,4,F,47.98,0.62
1299,3,School_03,03C2,4,M,71.99,0.72
1300,3,School_03,03C2,4,F,38.41,0.67
1301,3,School_03,03C2,4,M,66.72,0.81
1302,3,School_03,03C2,4,M,37.11,0.87
1303,3,School_03,03C2,4,M,93.6,0.77
1304,3,School_03,03C2,4,F,83.99,0.8
1305,3,School_03,03C2,4,M,39.03,0.63
1306,3,School_03,03C2,4,M,30.68,0.73
1307,3,School_03,03C2,4,F,46.27,0.88
1308,3,School_03,03C2,4,M,64.03,0.65
1309,3,School_03,03C2,4,F,39.86,0.79
1310,3,School_03,03C2,4,M,65.49,0.68
1311,3,School_03,03C3,4,F,61.25,0.91
1312,3,School_03,03C3,4,F,7.39,0.68
1313,3,School_03,03C3,4,F,70.0,0.94
1314,3,School_03,03C3,4,F,53.41,0.83
1315,3,School_03,03C3,4,M,11.13,0.63
1316,3,School_03,03C3,4,F,26.99,0.63
1317,3,School_03,03C3,4,M,51.61,0.85
1318,3,School_03,03C3,4,M,62.4,0.89
1319,3,School_03,03C3,4,F,65.1,0.73
1320,3,School_03,03C3,4,M,34.85,0.69
1321,3,School_03,03C3,4,M,68.7,0.73
1322,3,School_03,03C3,4,M,31.6,0.7
1323,3,School_03,03C3,4,F,48.33,0.94
1324,3,School_03,03C3,4,M,25.48,0.88
1325,3,School_03,03C3,4,M,90.57,0.86
1326,3,School_03,03C3,4,F,0.0,0.82
1327,3,School_03,03C3,4,M,57.35,0.75
1328,3,School_03,03C3,4,F,21.0,0.78
1329,3,School_03,03C3,4,M,67.06,0.89
1330,3,School_03,03C3,4,F,68.03,0.64
1331,3,School_03,03C3,4,F,29.81,0.74
1332,3,School_03,03C3,4,F,44.93,0.89
1333,3,School_03,03C4,4,F,50.12,0.81
1334,3,School_03,03C4,4,M,64.65,0.77
1335,3,School_03,03C4,4,F,41.84,0.73
1336,3,School_03,03C4,4,F,61.13,0.75
1337,3,School_03,03C4,4,F,55.35,0.63
1338,3,School_03,03C4,4,F,30.49,0.87
1339,3,School_03,03C4,4,M,14.52,0.72
1340,3,School_03,03C4,4,M,29.03,0.85
1341,3,School_03,03C4,4,F,26.01,0.83
1342,3,School_03,03C4,4,F,97.65,0.65
1343,3,School_03,03C4,4,F,57.15,0.62
1344,3,School_03,03C4,4,F,14.62,0.93
1345,3,School_03,03C4,4,M,67.99,0.64
1346,3,School_03,03C4,4,M,30.94,0.72
1347,3,School_03,03C4,4,M,84.5,0.75
1348,3,School_03,03C4,4,M,44.05,0.63
1349,3,School_03,03C4,4,F,57.65,0.7
1350,3,School_03,03C4,4,F,64.45,0.64
1351,3,School_03,03C4,4,M,18.61,0.79
1352,3,School_03,03C4,4,F,40.48,0.87
1353,3,School_03,03C4,4,M,56.2,0.84
1354,3,School_03,03C4,4,F,66.62,0.94
1355,3,School_03,03C4,4,F,14.47,0.95
1356,3,School_03,03C4,4,M,43.84,0.83
1357,3,School_03,03C5,4,F,61.37,0.61
1358,3,School_03,03C5,4,M,47.68,0.86
1359,3,School_03,03C5,4,M,44.21,0.9
1360,3,School_03,03C5,4,M,58.63,0.76
1361,3,School_03,03C5,4,M,16.9,0.64
1362,3,School_03,03C5,4,F,55.02,0.91
1363,3,School_03,03C5,4,M,70.12,0.62
1364,3,School_03,03C5,4,M,27.11,0.88
1365,3,School_03,03C5,4,F,31.99,0.82
1366,3,School_03,03C5,4,F,65.87,0.75
1367,3,School_03,03C5,4,F,46.65,0.93
1368,3,School_03,03C5,4,M,66.31,0.62
1369,3,School_03,03C5,4,F,69.46,0.74
1370,3,School_03,03C5,4,M,31.33,0.77
1371,3,School_03,03C5,4,F,36.09,0.75
1372,3,School_03,03C5,4,M,74.07,0.86
1373,3,School_03,03C5,4,M,38.99,0.7
1374,3,School_03,03C5,4,F,28.9,0.85
1375,3,School_03,03C5,4,M,44.31,0.73
1376,3,School_03,03C5,4,F,49.68,0.64
1377,3,School_03,03C5,4,M,41.69,0.91
1378,3,School_03,03C5,4,F,28.49,0.81
1379,3,School_03,03C5,4,F,22.55,0.95
1380,3,School_03,03C5,4,M,52.65,0.74
1381,4,School_04,04C1,4,M,36.68,0.94
1382,4,School_04,04C1,4,F,42.92,0.72
1383,4,School_04,04C1,4,M,20.02,0.78
1384,4,School_04,04C1,4,F,56.43,0.95
1385,4,School_04,04C1,4,M,47.17,0.77
1386,4,School_04,04C1,4,M,10.82,0.65
1387,4,School_04,04C1,4,F,89.71,0.86
1388,4,School_04,04C1,4,M,31.68,0.81
1389,4,School_04,04C1,4,F,42.34,0.74
1390,4,School_04,04C1,4,M,67.51,0.65
1391,4,School_04,04C1,4,M,43.62,0.93
1392,4,School_04,04C1,4,M,41.25,0.63
1393,4,School_04,04C1,4,F,40.29,0.79
1394,4,School_04,04C1,4,M,47.04,0.68
1395,4,School_04,04C1,4,M,63.15,0.8
1396,4,School_04,04C1,4,F,45.72,0.84
1397,4,School_04,04C1,4,M,53.19,0.78
1398,4,School_04,04C1,4,F,57.76,0.83
1399,4,School_04,04C1,4,M,39.68,0.72
1400,4,School_04,04C1,4,M,39.63,0.84
1401,4,School_04,04C1,4,F,51.36,0.67
1402,4,School_04,04C1,4,M,32.41,0.91
1403,4,School_04,04C1,4,F,65.8,0.6
1404,4,School_04,04C1,4,F,43.1,0.72
1405,4,School_04,04C1,4,F,76.35,0.69
1406,4,School_04,04C1,4,F,51.86,0.7
1407,4,School_04,04C1,4,F,58.05,0.64
1408,4,School_04,04C1,4,F,7.15,0.82
1409,4,School_04,04C1,4,F,40.58,0.7
1410,4,School_04,04C1,4,M,48.79,0.79
1411,4,School_04,04C1,4,F,37.98,0.66
1412,4,School_04,04C1,4,M,67.15,0.64
1413,4,School_04,04C1,4,F,55.37,0.93
1414,4,School_04,04C2,4,F,32.51,0.62
1415,4,School_04,04C2,4,F,31.09,0.63
1416,4,School_04,04C2,4,F,44.17,0.91
1417,4,School_04,04C2,4,F,33.27,0.83
1418,4,School_04,04C2,4,F,83.22,0.87
1419,4,School_04,04C2,4,M,67.73,0.69
1420,4,School_04,04C2,4,M,35.86,0.76
1421,4,School_04,04C2,4,F,58.57,0.64
1422,4,School_04,04C2,4,M,44.04,0.66
1423,4,School_04,04C2,4,M,34.15,0.89
1424,4,School_04,04C2,4,M,62.54,0.84
1425,4,School_04,04C2,4,F,53.62,0.9
1426,4,School_04,04C2,4,F,49.87,0.74
1427,4,School_04,04C2,4,M,8.06,0.71
1428,4,School_04,04C2,4,F,33.67,0.68
1429,4,School_04,04C2,4,M,52.08,0.85
1430,4,School_04,04C2,4,F,39.24,0.9
1431,4,School_04,04C2,4,F,20.68,0.67
1432,4,School_04,04C2,4,M,48.08,0.87
1433,4,School_04,04C2,4,M,77.53,0.61
1434,4,School_04,04C2,4,M,0.0,0.65
1435,4,School_04,04C2,4,M,41.77,0.6
1436,4,School_04,04C2,4,M,18.17,0.64
1437,4,School_04,04C2,4,F,52.31,0.68
1438,4,School_04,04C2,4,F,13.41,0.62
1439,4,School_04,04C2,4,F,62.81,0.75
1440,4,School_04,04C2,4,F,10.64,0.76
1441,4,School_04,04C2,4,F,84.26,0.74
1442,4,School_04,04C2,4,M,37.3,0.81
1443,4,School_04,04C2,4,F,69.3,0.93
1444,4,School_04,04C2,4,M,59.84,0.61
1445,4,School_04,04C3,4,F,38.53,0.77
1446,4,School_04,04C3,4,F,45.95,0.85
1447,4,School_04,04C3,4,F,46.25,0.91
1448,4,School_04,04C3,4,F,29.39,0.61
1449,4,School_04,04C3,4,F,17.29,0.94
1450,4,School_04,04C3,4,F,22.85,0.84
1451,4,School_04,04C3,4,F,52.04,0.64
1452,4,School_04,04C3,4,M,47.66,0.61
1453,4,School_04,04C3,4,F,74.52,0.7
1454,4,School_04,04C3,4,F,75.47,0.9
1455,4,School_04,04C3,4,F,70.3,0.81
1456,4,School_04,04C3,4,M,56.19,0.63
1457,4,School_04,04C3,4,F,88.12,0.87
1458,4,School_04,04C3,4,M,68.44,0.83
1459,4,School_04,04C3,4,M,40.56,0.85
1460,4,School_04,04C3,4,F,20.71,0.69
1461,4,School_04,04C3,4,M,92.37,0.72
1462,4,School_04,04C3,4,F,36.52,0.72
1463,4,School_04,04C3,4,F,41.28,0.62
1464,4,School_04,04C3,4,F,65.86,0.79
1465,4,School_04,04C3,4,F,18.78,0.79
1466,4,School_04,04C3,4,M,68.97,0.83
1467,4,School_04,04C3,4,F,17.61,0.75
1468,4,School_04,04C3,4,M,35.52,0.69
1469,4,School_04,04C3,4,F,67.63,0.82
1470,4,School_04,04C3,4,F,39.51,0.73
1471,4,School_04,04C3,4,F,100.0,0.78
1472,4,School_04,04C3,4,M,51.95,0.75
1473,4,School_04,04C3,4,M,76.37,0.81
1474,4,School_04,04C3,4,F,14.13,0.75
1475,4,School_04,04C3,4,F,19.46,0.76
1476,4,School_04,04C3,4,M,14.02,0.86
1477,4,School_04,04C3,4,M,35.47,0.81
1478,4,School_04,04C4,4,F,72.77,0.73
1479,4,School_04,04C4,4,F,51.48,0.77
1480,4,School_04,04C4,4,F,39.17,0.63
1481,4,School_04,04C4,4,M,60.43,0.73
1482,4,School_04,04C4,4,F,0.0,0.63
1483,4,School_04,04C4,4,M,52.49,0.69
1484,4,School_04,04C4,4,M,43.26,0.6
1485,4,School_04,04C4,4,M,35.65,0.94
1486,4,School_04,04C4,4,M,51.93,0.68
1487,4,School_04,04C4,4,F,3.1,0.89
1488,4,School_04,04C4,4,M,50.08,0.76
1489,4,School_04,04C4,4,F,75.02,0.66
1490,4,School_04,04C4,4,F,62.0,0.73
1491,4,School_04,04C4,4,M,61.94,0.77
1492,4,School_04,04C4,4,M,69.45,0.85
1493,4,School_04,04C4,4,F,65.61,0.67
1494,4,School_04,04C4,4,M,49.78,0.61
1495,4,School_04,04C4,4,F,45.97,0.93
1496,4,School_04,04C4,4,M,31.25,0.82
1497,4,School_04,04C4,4,M,59.65,0.71
1498,4,School_04,04C4,4,M,43.39,0.8
1499,4,School_04,04C4,4,F,47.79,0.9
1500,4,School_04,04C4,4,M,54.05,0.69
1501,4,School_04,04C4,4,M,86.77,0.65
1502,4,School_04,04C5,4,F,42.21,0.85
1503,4,School_04,04C5,4,F,30.35,0.67
1504,4,School_04,04C5,4,M,55.11,0.84
1505,4,School_04,04C5,4,F,61.1,0.94
1506,4,School_04,04C5,4,M,20.62,0.84
1507,4,School_04,04C5,4,F,58.37,0.9
1508,4,School_04,04C5,4,M,34.66,0.61
1509,4,School_04,04C5,4,F,57.36,0.89
1510,4,School_04,04C5,4,F,47.82,0.83
1511,4,School_04,04C5,4,F,25.2,0.81
1512,4,School_04,04C5,4,M,36.2,0.94
1513,4,School_04,04C5,4,M,39.76,0.64
1514,4,School_04,04C5,4,F,34.85,0.74
1515,4,School_04,04C5,4,F,42.77,0.92
1516,4,School_04,04C5,4,M,60.36,0.88
1517,4,School_04,04C5,4,M,38.61,0.7
1518,4,School_04,04C5,4,M,63.96,0.6
1519,4,School_04,04C5,4,M,71.76,0.8
1520,4,School_04,04C5,4,M,76.73,0.74
1521,4,School_04,04C5,4,M,66.27,0.76
1522,4,School_04,04C5,4,F,89.92,0.63
1523,4,School_04,04C5,4,M,54.02,0.87
1524,4,School_04,04C5,4,M,24.02,0.73
1525,4,School_04,04C5,4,F,12.39,0.77
1526,4,School_04,04C5,4,M,48.42,0.87
1527,4,School_04,04C5,4,F,62.1,0.78
1528,4,School_04,04C5,4,M,64.59,0.67
1529,5,School_05,05C1,4,M,21.27,0.67
1530,5,School_05,05C1,4,M,75.61,0.72
1531,5,School_05,05C1,4,F,52.81,0.78
1532,5,School_05,05C1,4,F,22.8,0.71
1533,5,School_05,05C1,4,M,94.12,0.63
1534,5,School_05,05C1,4,F,64.58,0.85
1535,5,School_05,05C1,4,M,23.83,0.9
1536,5,School_05,05C1,4,M,46.26,0.78
1537,5,School_05,05C1,4,M,63.98,0.66
1538,5,School_05,05C1,4,F,31.76,0.94
1539,5,School_05,05C1,4,F,54.54,0.64
1540,5,School_05,05C1,4,M,0.0,0.81
1541,5,School_05,05C1,4,F,95.92,0.88
1542,5,School_05,05C1,4,M,53.26,0.81
1543,5,School_05,05C1,4,F,59.79,0.87
1544,5,School_05,05C1,4,M,39.93,0.68
1545,5,School_05,05C1,4,M,66.4,0.9
1546,5,School_05,05C1,4,M,26.74,0.83
1547,5,School_05,05C1,4,F,33.64,0.75
1548,5,School_05,05C1,4,M,53.64,0.66
1549,5,School_05,05C1,4,M,43.39,0.79
1550,5,School_05,05C1,4,F,66.87,0.61
1551,5,School_05,05C1,4,M,30.99,0.82
1552,5,School_05,05C1,4,M,32.14,0.74
1553,5,School_05,05C1,4,M,58.34,0.84
1554,5,School_05,05C1,4,F,14.01,0.75
1555,5,School_05,05C1,4,M,65.85,0.81
1556,5,School_05,05C1,4,F,34.6,0.8
1557,5,School_05,05C1,4,M,30.03,0.83
1558,5,School_05,05C1,4,F,62.36,0.67
1559,5,School_05,05C2,4,M,32.01,0.62
1560,5,School_05,05C2,4,M,20.52,0.89
1561,5,School_05,05C2,4,F,32.56,0.79
1562,5,School_05,05C2,4,F,59.03,0.81
1563,5,School_05,05C2,4,M,5.13,0.72
1564,5,School_05,05C2,4,F,52.48,0.62
1565,5,School_05,05C2,4,F,58.9,0.86
1566,5,School_05,05C2,4,F,83.93,0.72
1567,5,School_05,05C2,4,F,56.17,0.66
1568,5,School_05,05C2,4,M,46.52,0.86
1569,5,School_05,05C2,4,M,26.7,0.76
1570,5,School_05,05C2,4,F,46.63,0.6
1571,5,School_05,05C2,4,F,66.83,0.92
1572,5,School_05,05C2,4,M,57.18,0.64
1573,5,School_05,05C2,4,M,46.46,0.89
1574,5,School_05,05C2,4,M,60.6,0.63
1575,5,School_05,05C2,4,F,48.84,0.64
1576,5,School_05,05C2,4,F,38.82,0.78
1577,5,School_05,05C2,4,F,23.59,0.73
1578,5,School_05,05C2,4,M,27.21,0.72
1579,5,School_05,05C2,4,M,8.28,0.74
1580,5,School_05,05C2,4,M,55.16,0.93
1581,5,School_05,05C3,4,M,53.98,0.8
1582,5,School_05,05C3,4,F,34.39,0.9
1583,5,School_05,05C3,4,F,0.0,0.79
1584,5,School_05,05C3,4,M,45.56,0.73
1585,5,School_05,05C3,4,F,80.48,0.65
1586,5,School_05,05C3,4,M,50.21,0.71
1587,5,School_05,05C3,4,M,36.32,0.94
1588,5,School_05,05C3,4,F,34.12,0.82
1589,5,School_05,05C3,4,M,30.56,0.71
1590,5,School_05,05C3,4,M,97.58,0.77
1591,5,School_05,05C3,4,F,50.74,0.89
1592,5,School_05,05C3,4,M,42.69,0.73
1593,5,School_05,05C3,4,F,64.02,0.68
1594,5,School_05,05C3,4,M,0.0,0.79
1595,5,School_05,05C3,4,F,49.84,0.93
1596,5,School_05,05C3,4,F,25.61,0.75
1597,5,School_05,05C3,4,F,45.98,0.73
1598,5,School_05,05C3,4,M,40.39,0.62
1599,5,School_05,05C3,4,M,33.75,0.77
1600,5,School_05,05C3,4,F,32.97,0.62
1601,5,School_05,05C3,4,F,33.03,0.66
1602,5,School_05,05C3,4,M,10.18,0.64
1603,5,School_05,05C3,4,F,29.6,0.84
1604,5,School_05,05C3,4,M,33.79,0.78
1605,5,School_05,05C3,4,M,30.34,0.68
1606,5,School_05,05C3,4,M,30.13,0.82
1607,5,School_05,05C3,4,F,54.41,0.88
1608,5,School_05,05C3,4,M,59.6,0.76
1609,5,School_05,05C3,4,M,52.61,0.77
1610,5,School_05,05C3,4,M,1.52,0.86
1611,5,School_05,05C3,4,F,40.35,0.88
1612,5,School_05,05C3,4,M,24.07,0.87
1613,5,School_05,05C4,4,M,25.12,0.79
1614,5,School_05,05C4,4,M,44.38,0.77
1615,5,School_05,05C4,4,F,44.45,0.65
1616,5,School_05,05C4,4,F,26.33,0.69
1617,5,School_05,05C4,4,F,0.0,0.74
1618,5,School_05,05C4,4,F,36.1,0.74
1619,5,School_05,05C4,4,F,31.62,0.84
1620,5,School_05,05C4,4,F,65.8,0.63
1621,5,School_05,05C4,4,M,43.23,0.82
1622,5,School_05,05C4,4,F,63.43,0.74
1623,5,School_05,05C4,4,F,71.03,0.62
1624,5,School_05,05C4,4,F,76.23,0.91
1625,5,School_05,05C4,4,M,46.77,0.84
1626,5,School_05,05C4,4,M,79.44,0.61
1627,5,School_05,05C4,4,M,37.69,0.62
1628,5,School_05,05C4,4,F,48.69,0.61
1629,5,School_05,05C4,4,F,28.95,0.7
1630,5,School_05,05C4,4,M,70.98,0.94
1631,5,School_05,05C4,4,M,24.06,0.66
1632,5,School_05,05C4,4,M,55.73,0.79
1633,5,School_05,05C4,4,F,29.37,0.61
1634,5,School_05,05C5,4,F,62.59,0.91
1635,5,School_05,05C5,4,F,57.14,0.73
1636,5,School_05,05C5,4,F,71.22,0.6
1637,5,School_05,05C5,4,F,71.56,0.83
1638,5,School_05,05C5,4,F,56.12,0.77
1639,5,School_05,05C5,4,M,74.11,0.86
1640,5,School_05,05C5,4,F,80.99,0.82
1641,5,School_05,05C5,4,F,37.7,0.92
1642,5,School_05,05C5,4,M,28.22,0.63
1643,5,School_05,05C5,4,F,10.25,0.81
1644,5,School_05,05C5,4,F,6.04,0.7
1645,5,School_05,05C5,4,F,40.57,0.91
1646,5,School_05,05C5,4,F,39.46,0.95
1647,5,School_05,05C5,4,F,51.08,0.9
1648,5,School_05,05C5,4,M,50.32,0.79
1649,5,School_05,05C5,4,M,40.03,0.89
1650,5,School_05,05C5,4,F,77.15,0.8
1651,5,School_05,05C5,4,M,24.22,0.79
1652,5,School_05,05C5,4,M,55.06,0.69
1653,5,School_05,05C5,4,F,52.99,0.89
1654,5,School_05,05C5,4,M,31.97,0.77
1655,5,School_05,05C5,4,M,54.89,0.79
1656,5,School_05,05C5,4,M,59.47,0.86
1657,5,School_05,05C5,4,M,56.31,0.84
1658,5,School_05,05C5,4,M,9.78,0.8
1659,5,School_05,05C5,4,M,32.55,0.76
1660,5,School_05,05C5,4,F,54.56,0.88
1661,5,School_05,05C5,4,F,40.82,0.88
1662,5,School_05,05C5,4,M,27.99,0.71
1663,5,School_05,05C5,4,M,59.4,0.67
1664,6,School_06,06C1,4,F,73.93,0.87
1665,6,School_06,06C1,4,F,68.94,0.89
1666,6,School_06,06C1,4,F,46.66,0.86
1667,6,School_06,06C1,4,F,61.54,0.84
1668,6,School_06,06C1,4,F,60.96,0.65
1669,6,School_06,06C1,4,M,49.63,0.64
1670,6,School_06,06C1,4,M,0.0,0.76
1671,6,School_06,06C1,4,F,31.45,0.65
1672,6,School_06,06C1,4,F,58.43,0.74
1673,6,School_06,06C1,4,F,37.12,0.74
1674,6,School_06,06C1,4,M,36.76,0.81
1675,6,School_06,06C1,4,F,80.84,0.64
1676,6,School_06,06C1,4,F,46.62,0.8
1677,6,School_06,06C1,4,F,44.6,0.81
1678,6,School_06,06C1,4,M,31.67,0.69
1679,6,School_06,06C1,4,F,66.81,0.65
1680,6,School_06,06C1,4,F,16.58,0.72
1681,6,School_06,06C1,4,F,46.63,0.73
1682,6,School_06,06C1,4,F,71.13,0.71
1683,6,School_06,06C1,4,M,32.23,0.62
1684,6,School_06,06C1,4,F,18.77,0.86
1685,6,School_06,06C1,4,M,26.86,0.66
1686,6,School_06,06C1,4,F,66.13,0.82
1687,6,School_06,06C2,4,M,40.47,0.89
1688,6,School_06,06C2,4,M,25.81,0.86
1689,6,School_06,06C2,4,F,19.93,0.73
1690,6,School_06,06C2,4,F,51.97,0.66
1691,6,School_06,06C2,4,M,47.82,0.7
1692,6,School_06,06C2,4,M,9.63,0.62
1693,6,School_06,06C2,4,M,65.66,0.89
1694,6,School_06,06C2,4,M,41.1,0.77
1695,6,School_06,06C2,4,M,21.6,0.65
1696,6,School_06,06C2,4,F,0.0,0.62
1697,6,School_06,06C2,4,M,0.0,0.86
1698,6,School_06,06C2,4,F,41.78,0.62
1699,6,School_06,06C2,4,F,25.03,0.86
1700,6,School_06,06C2,4,F,51.04,0.77
1701,6,School_06,06C2,4,M,25.47,0.69
1702,6,School_06,06C2,4,F,27.15,0.88
1703,6,School_06,06C2,4,F,63.27,0.76
1704,6,School_06,06C2,4,M,28.94,0.69
1705,6,School_06,06C2,4,M,34.48,0.62
1706,6,School_06,06C2,4,F,44.72,0.8
1707,6,School_06,06C2,4,M,0.0,0.72
1708,6,School_06,06C2,4,M,62.68,0.68
1709,6,School_06,06C2,4,F,49.94,0.8
1710,6,School_06,06C2,4,M,46.75,0.74
1711,6,School_06,06C2,4,F,13.75,0.86
1712,6,School_06,06C2,4,F,34.42,0.94
1713,6,School_06,06C2,4,M,22.79,0.8
1714,6,School_06,06C2,4,M,56.34,0.71
1715,6,School_06,06C2,4,M,12.7,0.64
1716,6,School_06,06C2,4,F,68.29,0.85
1717,6,School_06,06C3,4,M,49.01,0.78
1718,6,School_06,06C3,4,M,67.97,0.68
1719,6,School_06,06C3,4,F,39.09,0.85
1720,6,School_06,06C3,4,M,48.05,0.81
1721,6,School_06,06C3,4,F,23.56,0.66
1722,6,School_06,06C3,4,F,0.0,0.83
1723,6,School_06,06C3,4,M,36.03,0.74
1724,6,School_06,06C3,4,M,85.2,0.86
1725,6,School_06,06C3,4,F,45.42,0.88
1726,6,School_06,06C3,4,F,30.44,0.94
1727,6,School_06,06C3,4,M,32.43,0.69
1728,6,School_06,06C3,4,F,57.05,0.79
1729,6,School_06,06C3,4,F,47.45,0.67
1730,6,School_06,06C3,4,M,77.49,0.83
1731,6,School_06,06C3,4,F,37.79,0.76
1732,6,School_06,06C3,4,F,55.23,0.86
1733,6,School_06,06C3,4,M,62.66,0.79
1734,6,School_06,06C3,4,F,43.44,0.88
1735,6,School_06,06C3,4,M,65.77,0.73
1736,6,School_06,06C3,4,M,55.11,0.75
1737,6,School_06,06C3,4,M,47.27,0.7
1738,6,School_06,06C3,4,F,16.23,0.87
1739,6,School_06,06C3,4,M,68.76,0.74
1740,6,School_06,06C3,4,F,55.73,0.91
1741,6,School_06,06C4,4,F,85.4,0.66
1742,6,School_06,06C4,4,F,8.39,0.9
1743,6,School_06,06C4,4,M,95.87,0.61
1744,6,School_06,06C4,4,F,48.66,0.91
1745,6,School_06,06C4,4,F,33.99,0.88
1746,6,School_06,06C4,4,F,63.89,0.63
1747,6,School_06,06C4,4,F,51.8,0.71
1748,6,School_06,06C4,4,M,34.15,0.75
1749,6,School_06,06C4,4,M,52.35,0.71
1750,6,School_06,06C4,4,F,32.68,0.91
1751,6,School_06,06C4,4,M,27.76,0.84
1752,6,School_06,06C4,4,M,52.27,0.78
1753,6,School_06,06C4,4,M,34.96,0.73
1754,6,School_06,06C4,4,M,56.17,0.67
1755,6,School_06,06C4,4,M,54.68,0.64
1756,6,School_06,06C4,4,F,40.29,0.71
1757,6,School_06,06C4,4,M,50.53,0.71
1758,6,School_06,06C4,4,F,59.64,0.77
1759,6,School_06,06C4,4,M,46.4,0.69
1760,6,School_06,06C4,4,F,65.84,0.89
1761,6,School_06,06C4,4,F,33.03,0.92
1762,6,School_06,06C4,4,M,77.82,0.76
1763,6,School_06,06C4,4,F,22.16,0.8
1764,6,School_06,06C4,4,M,85.3,0.89
1765,6,School_06,06C4,4,M,35.46,0.61
1766,6,School_06,06C4,4,M,58.33,0.84
1767,6,School_06,06C4,4,F,26.54,0.83
1768,6,School_06,06C4,4,M,55.08,0.89
1769,6,School_06,06C4,4,M,40.51,0.9
1770,6,School_06,06C4,4,M,33.12,0.71
1771,6,School_06,06C4,4,M,74.16,0.92
1772,6,School_06,06C4,4,M,34.69,0.87
1773,6,School_06,06C5,4,F,20.76,0.92
1774,6,School_06,06C5,4,M,61.68,0.6
1775,6,School_06,06C5,4,M,42.35,0.76
1776,6,School_06,06C5,4,F,25.51,0.73
1777,6,School_06,06C5,4,F,50.06,0.64
1778,6,School_06,06C5,4,F,43.73,0.61
1779,6,School_06,06C5,4,F,51.64,0.7
1780,6,School_06,06C5,4,F,48.81,0.85
1781,6,School_06,06C5,4,F,48.92,0.88
1782,6,School_06,06C5,4,F,51.34,0.94
1783,6,School_06,06C5,4,F,26.29,0.89
1784,6,School_06,06C5,4,F,66.72,0.82
1785,6,School_06,06C5,4,F,51.79,0.79
1786,6,School_06,06C5,4,F,32.08,0.69
1787,6,School_06,06C5,4,M,44.61,0.71
1788,6,School_06,06C5,4,M,38.94,0.63
1789,6,School_06,06C5,4,M,66.0,0.62
1790,7,School_07,07C1,4,F,27.72,0.9
1791,7,School_07,07C1,4,M,21.04,0.95
1792,7,School_07,07C1,4,M,19.54,0.63
1793,7,School_07,07C1,4,M,34.9,0.75
1794,7,School_07,07C1,4,M,60.9,0.95
1795,7,School_07,07C1,4,F,82.21,0.69
1796,7,School_07,07C1,4,M,62.19,0.81
1797,7,School_07,07C1,4,M,48.63,0.61
1798,7,School_07,07C1,4,M,79.18,0.89
1799,7,School_07,07C1,4,F,34.64,0.92
1800,7,School_07,07C1,4,F,49.82,0.87
1801,7,School_07,07C1,4,M,25.27,0.66
1802,7,School_07,07C1,4,M,35.63,0.82
1803,7,School_07,07C1,4,F,56.6,0.84
1804,7,School_07,07C1,4,F,68.99,0.64
1805,7,School_07,07C1,4,F,27.08,0.77
1806,7,School_07,07C1,4,M,26.38,0.78
1807,7,School_07,07C1,4,M,63.14,0.6
1808,7,School_07,07C2,4,F,40.69,0.62
1809,7,School_07,07C2,4,F,41.3,0.76
1810,7,School_07,07C2,4,M,13.14,0.77
1811,7,School_07,07C2,4,F,0.0,0.77
1812,7,School_07,07C2,4,M,16.0,0.78
1813,7,School_07,07C2,4,F,50.96,0.7
1814,7,School_07,07C2,4,M,50.77,0.88
1815,7,School_07,07C2,4,M,35.15,0.62
1816,7,School_07,07C2,4,M,18.14,0.74
1817,7,School_07,07C2,4,M,61.99,0.79
1818,7,School_07,07C2,4,M,33.49,0.78
1819,7,School_07,07C2,4,M,43.72,0.93
1820,7,School_07,07C2,4,M,33.19,0.74
1821,7,School_07,07C2,4,F,56.58,0.83
1822,7,School_07,07C2,4,M,51.97,0.81
1823,7,School_07,07C2,4,F,66.04,0.93
1824,7,School_07,07C2,4,M,25.42,0.6
1825,7,School_07,07C2,4,M,37.46,0.83
1826,7,School_07,07C2,4,M,56.52,0.76
1827,7,School_07,07C2,4,F,48.87,0.79
1828,7,School_07,07C2,4,M,28.63,0.62
1829,7,School_07,07C2,4,F,67.69,0.74
1830,7,School_07,07C2,4,M,28.75,0.84
1831,7,School_07,07C2,4,F,49.65,0.78
1832,7,School_07,07C2,4,M,63.27,0.92
1833,7,School_07,07C2,4,M,38.97,0.82
1834,7,School_07,07C3,4,M,38.65,0.62
1835,7,School_07,07C3,4,F,51.34,0.76
1836,7,School_07,07C3,4,M,83.02,0.8
1837,7,School_07,07C3,4,F,41.51,0.89
1838,7,School_07,07C3,4,F,15.3,0.9
1839,7,School_07,07C3,4,F,39.08,0.63
1840,7,School_07,07C3,4,M,66.67,0.71
1841,7,School_07,07C3,4,F,16.81,0.73
1842,7,School_07,07C3,4,M,54.3,0.9
1843,7,School_07,07C3,4,M,37.82,0.91
1844,7,School_07,07C3,4,F,49.64,0.73
1845,7,School_07,07C3,4,M,43.43,0.78
1846,7,School_07,07C3,4,F,38.09,0.66
1847,7,School_07,07C3,4,M,36.92,0.87
1848,7,School_07,07C3,4,M,47.59,0.65
1849,7,School_07,07C3,4,M,0.0,0.6
1850,7,School_07,07C4,4,M,51.69,0.88
1851,7,School_07,07C4,4,M,67.21,0.81
1852,7,School_07,07C4,4,F,21.33,0.89
1853,7,School_07,07C4,4,F,44.47,0.84
1854,7,School_07,07C4,4,M,50.6,0.94
1855,7,School_07,07C4,4,F,45.11,0.94
1856,7,School_07,07C4,4,F,35.49,0.63
1857,7,School_07,07C4,4,F,43.23,0.66
1858,7,School_07,07C4,4,F,37.6,0.71
1859,7,School_07,07C4,4,M,8.92,0.92
1860,7,School_07,07C4,4,M,37.9,0.73
1861,7,School_07,07C4,4,F,58.94,0.81
1862,7,School_07,07C4,4,F,38.32,0.79
1863,7,School_07,07C4,4,M,14.21,0.72
1864,7,School_07,07C4,4,F,15.27,0.94
1865,7,School_07,07C4,4,M,79.65,0.87
1866,7,School_07,07C4,4,M,89.63,0.89
1867,7,School_07,07C4,4,M,23.73,0.67
1868,7,School_07,07C4,4,M,27.53,0.78
1869,7,School_07,07C4,4,M,5.41,0.8
1870,7,School_07,07C4,4,F,59.96,0.95
1871,7,School_07,07C4,4,M,40.89,0.74
1872,7,School_07,07C4,4,M,91.68,0.86
1873,7,School_07,07C4,4,F,67.02,0.82
1874,7,School_07,07C4,4,M,84.17,0.86
1875,7,School_07,07C4,4,F,44.4,0.79
1876,7,School_07,07C4,4,M,33.65,0.65
1877,7,School_07,07C4,4,M,50.07,0.79
1878,7,School_07,07C4,4,F,54.35,0.61
1879,7,School_07,07C5,4,M,50.38,0.7
1880,7,School_07,07C5,4,F,38.14,0.61
1881,7,School_07,07C5,4,F,42.51,0.94
1882,7,School_07,07C5,4,F,21.55,0.86
1883,7,School_07,07C5,4,F,9.54,0.7
1884,7,School_07,07C5,4,M,70.24,0.8
1885,7,School_07,07C5,4,M,49.81,0.77
1886,7,School_07,07C5,4,F,0.0,0.85
1887,7,School_07,07C5,4,M,43.9,0.89
1888,7,School_07,07C5,4,M,50.71,0.81
1889,7,School_07,07C5,4,M,68.32,0.91
1890,7,School_07,07C5,4,M,40.91,0.71
1891,7,School_07,07C5,4,M,56.87,0.82
1892,7,School_07,07C5,4,M,0.0,0.86
1893,7,School_07,07C5,4,F,84.14,0.85
1894,7,School_07,07C5,4,F,40.17,0.78
1895,7,School_07,07C5,4,F,25.57,0.88
1896,7,School_07,07C5,4,F,17.41,0.86
1897,7,School_07,07C5,4,F,34.29,0.61
1898,7,School_07,07C5,4,M,62.13,0.72
1899,7,School_07,07C5,4,M,32.17,0.86
1900,7,School_07,07C5,4,M,53.64,0.89
1901,7,School_07,07C5,4,M,56.69,0.81
1902,7,School_07,07C5,4,F,53.99,0.74
1903,7,School_07,07C5,4,F,41.74,0.74
1904,8,School_08,08C1,4,M,30.1,0.72
1905,8,School_08,08C1,4,M,66.94,0.84
1906,8,School_08,08C1,4,M,82.61,0.93
1907,8,School_08,08C1,4,M,52.81,0.64
1908,8,School_08,08C1,4,F,60.86,0.88
1909,8,School_08,08C1,4,F,21.68,0.85
1910,8,School_08,08C1,4,F,43.57,0.7
1911,8,School_08,08C1,4,F,39.42,0.7
1912,8,School_08,08C1,4,F,65.55,0.74
1913,8,School_08,08C1,4,M,46.19,0.89
1914,8,School_08,08C1,4,M,38.16,0.82
1915,8,School_08,08C1,4,M,74.62,0.67
1916,8,School_08,08C1,4,M,35.43,0.78
1917,8,School_08,08C1,4,F,71.01,0.79
1918,8,School_08,08C1,4,F,41.27,0.84
1919,8,School_08,08C1,4,F,13.7,0.71
1920,8,School_08,08C1,4,M,40.66,0.79
1921,8,School_08,08C1,4,M,31.09,0.66
1922,8,School_08,08C1,4,F,76.14,0.65
1923,8,School_08,08C1,4,F,25.71,0.74
1924,8,School_08,08C2,4,F,63.72,0.87
1925,8,School_08,08C2,4,F,64.1,0.62
1926,8,School_08,08C2,4,F,24.34,0.76
1927,8,School_08,08C2,4,F,61.5,0.71
1928,8,School_08,08C2,4,M,27.66,0.89
1929,8,School_08,08C2,4,M,59.57,0.71
1930,8,School_08,08C2,4,F,35.24,0.92
1931,8,School_08,08C2,4,M,62.02,0.73
1932,8,School_08,08C2,4,F,42.25,0.84
1933,8,School_08,08C2,4,M,43.69,0.74
1934,8,School_08,08C2,4,M,84.63,0.9
1935,8,School_08,08C2,4,M,64.31,0.94
1936,8,School_08,08C2,4,F,69.72,0.65
1937,8,School_08,08C2,4,F,23.89,0.64
1938,8,School_08,08C2,4,M,66.17,0.82
1939,8,School_08,08C2,4,M,42.21,0.93
1940,8,School_08,08C2,4,F,36.0,0.9
1941,8,School_08,08C2,4,M,16.17,0.73
1942,8,School_08,08C2,4,F,40.81,0.6
1943,8,School_08,08C2,4,M,35.94,0.89
1944,8,School_08,08C2,4,M,74.05,0.85
1945,8,School_08,08C2,4,M,37.59,0.91
1946,8,School_08,08C2,4,M,87.08,0.88
1947,8,School_08,08C2,4,M,13.92,0.65
1948,8,School_08,08C2,4,M,61.36,0.64
1949,8,School_08,08C2,4,M,66.5,0.74
1950,8,School_08,08C2,4,F,17.63,0.76
1951,8,School_08,08C2,4,M,38.43,0.73
1952,8,School_08,08C2,4,M,57.06,0.89
1953,8,School_08,08C2,4,F,10.12,0.89
1954,8,School_08,08C2,4,F,47.38,0.68
1955,8,School_08,08C3,4,F,55.07,0.93
1956,8,School_08,08C3,4,M,61.26,0.77
1957,8,School_08,08C3,4,M,58.18,0.69
1958,8,School_08,08C3,4,M,39.49,0.76
1959,8,School_08,08C3,4,F,42.82,0.87
1960,8,School_08,08C3,4,M,35.23,0.87
1961,8,School_08,08C3,4,M,36.16,0.9
1962,8,School_08,08C3,4,F,38.28,0.61
1963,8,School_08,08C3,4,M,14.51,0.66
1964,8,School_08,08C3,4,M,17.93,0.61
1965,8,School_08,08C3,4,M,69.88,0.68
1966,8,School_08,08C3,4,M,28.53,0.73
1967,8,School_08,08C3,4,F,82.65,0.79
1968,8,School_08,08C3,4,F,60.73,0.9
1969,8,School_08,08C3,4,M,70.24,0.81
1970,8,School_08,08C3,4,F,48.59,0.76
1971,8,School_08,08C3,4,F,51.24,0.81
1972,8,School_08,08C3,4,M,48.0,0.86
1973,8,School_08,08C3,4,M,61.98,0.95
1974,8,School_08,08C3,4,M,80.46,0.87
1975,8,School_08,08C4,4,F,61.8,0.87
1976,8,School_08,08C4,4,M,84.63,0.68
1977,8,School_08,08C4,4,F,61.66,0.9
1978,8,School_08,08C4,4,M,50.04,0.8
1979,8,School_08,08C4,4,M,45.43,0.92
1980,8,School_08,08C4,4,M,52.55,0.84
1981,8,School_08,08C4,4,M,69.86,0.79
1982,8,School_08,08C4,4,M,27.02,0.85
1983,8,School_08,08C4,4,F,53.99,0.77
1984,8,School_08,08C4,4,M,48.97,0.76
1985,8,School_08,08C4,4,F,11.22,0.87
1986,8,School_08,08C4,4,F,30.61,0.78
1987,8,School_08,08C4,4,M,47.15,0.93
1988,8,School_08,08C4,4,F,53.24,0.76
1989,8,School_08,08C4,4,F,41.6,0.8
1990,8,School_08,08C4,4,F,18.72,0.76
1991,8,School_08,08C4,4,F,51.03,0.65
1992,8,School_08,08C4,4,M,58.76,0.88
1993,8,School_08,08C4,4,M,77.33,0.64
1994,8,School_08,08C4,4,F,23.03,0.93
1995,8,School_08,08C4,4,F,55.93,0.78
1996,8,School_08,08C4,4,F,42.75,0.69
1997,8,School_08,08C4,4,M,28.55,0.84
1998,8,School_08,08C4,4,M,71.34,0.78
1999,8,School_08,08C4,4,F,43.16,0.9
2000,8,School_08,08C4,4,F,53.04,0.85
2001,8,School_08,08C4,4,M,40.18,0.87
2002,8,School_08,08C4,4,F,14.09,0.8
2003,8,School_08,08C4,4,F,51.12,0.89
2004,8,School_08,08C4,4,F,66.09,0.72
2005,8,School_08,08C4,4,F,72.34,0.62
2006,8,School_08,08C4,4,F,49.66,0.71
2007,8,School_08,08C4,4,F,72.75,0.69
2008,8,School_08,08C4,4,M,46.32,0.61
2009,8,School_08,08C5,4,F,29.08,0.7
2010,8,School_08,08C5,4,F,51.78,0.95
2011,8,School_08,08C5,4,F,32.01,0.74
2012,8,School_08,08C5,4,M,71.43,0.61
2013,8,School_08,08C5,4,M,47.01,0.72
2014,8,School_08,08C5,4,F,56.75,0.95
2015,8,School_08,08C5,4,M,5.6,0.83
2016,8,School_08,08C5,4,F,62.85,0.92
2017,8,School_08,08C5,4,F,14.47,0.61
2018,8,School_08,08C5,4,F,45.65,0.93
2019,8,School_08,08C5,4,F,36.86,0.93
2020,8,School_08,08C5,4,M,58.73,0.85
2021,8,School_08,08C5,4,F,55.98,0.87
2022,8,School_08,08C5,4,M,97.68,0.65
2023,8,School_08,08C5,4,M,41.22,0.87
2024,8,School_08,08C5,4,F,63.43,0.91
2025,8,School_08,08C5,4,F,53.18,0.67
